<?xml version="1.0" standalone="yes"?>
<Tiles>
  <TilesHeader>
    <DateGenerated>19 September 2007</DateGenerated>
    <TimeGenerated>16:22:11</TimeGenerated>
  </TilesHeader>
  <Group>
    <GroupName>Not specified</GroupName>
    <Wall>
      <WallID>1</WallID>
      <TileName>Small</TileName>
      <ImageFile>Sprites\Grid2.png</ImageFile>
      <Mirrored>false</Mirrored>
      <HasDepth>true</HasDepth>
      <Depth>9</Depth>
      <TopLeftLeft xmlns:xsi="http://www.w3.org/2001/XMLSchema-instance" xmlns:xsd="http://www.w3.org/2001/XMLSchema">
        <X>32</X>
        <Y>64</Y>
      </TopLeftLeft>
      <TopLeftRight xmlns:xsi="http://www.w3.org/2001/XMLSchema-instance" xmlns:xsd="http://www.w3.org/2001/XMLSchema">
        <X>0</X>
        <Y>64</Y>
      </TopLeftRight>
      <Dimension xmlns:xsi="http://www.w3.org/2001/XMLSchema-instance" xmlns:xsd="http://www.w3.org/2001/XMLSchema">
        <Width>32</Width>
        <Height>160</Height>
      </Dimension>
      <DepthTopLeft xmlns:xsi="http://www.w3.org/2001/XMLSchema-instance" xmlns:xsd="http://www.w3.org/2001/XMLSchema">
        <X>0</X>
        <Y>352</Y>
      </DepthTopLeft>
      <DepthDimension xmlns:xsi="http://www.w3.org/2001/XMLSchema-instance" xmlns:xsd="http://www.w3.org/2001/XMLSchema">
        <Width>64</Width>
        <Height>32</Height>
      </DepthDimension>
    </Wall>
    <Wall>
      <WallID>2</WallID>
      <TileName>Wooden wall</TileName>
      <ImageFile>Sprites\Grid2.png</ImageFile>
      <Mirrored>true</Mirrored>
      <HasDepth>true</HasDepth>
      <Depth>32</Depth>
      <TopLeftLeft xmlns:xsi="http://www.w3.org/2001/XMLSchema-instance" xmlns:xsd="http://www.w3.org/2001/XMLSchema">
        <X>320</X>
        <Y>64</Y>
      </TopLeftLeft>
      <Dimension xmlns:xsi="http://www.w3.org/2001/XMLSchema-instance" xmlns:xsd="http://www.w3.org/2001/XMLSchema">
        <Width>96</Width>
        <Height>224</Height>
      </Dimension>
      <DepthTopLeft xmlns:xsi="http://www.w3.org/2001/XMLSchema-instance" xmlns:xsd="http://www.w3.org/2001/XMLSchema">
        <X>64</X>
        <Y>128</Y>
      </DepthTopLeft>
      <DepthDimension xmlns:xsi="http://www.w3.org/2001/XMLSchema-instance" xmlns:xsd="http://www.w3.org/2001/XMLSchema">
        <Width>64</Width>
        <Height>32</Height>
      </DepthDimension>
    </Wall>
    <Character>
      <CharacterID>1</CharacterID>
      <TileName>NPC1</TileName>
    </Character>
    <Floor>
      <FloorID>1</FloorID>
      <TileName>Small</TileName>
      <ImageFile>Sprites\Grid2.png</ImageFile>
      <TopLeft xmlns:xsi="http://www.w3.org/2001/XMLSchema-instance" xmlns:xsd="http://www.w3.org/2001/XMLSchema">
        <X>64</X>
        <Y>96</Y>
      </TopLeft>
      <Dimension xmlns:xsi="http://www.w3.org/2001/XMLSchema-instance" xmlns:xsd="http://www.w3.org/2001/XMLSchema">
        <Width>64</Width>
        <Height>32</Height>
      </Dimension>
      <TopLeftDepthL xmlns:xsi="http://www.w3.org/2001/XMLSchema-instance" xmlns:xsd="http://www.w3.org/2001/XMLSchema">
        <X>0</X>
        <Y>32</Y>
      </TopLeftDepthL>
      <DimensionDepthL xmlns:xsi="http://www.w3.org/2001/XMLSchema-instance" xmlns:xsd="http://www.w3.org/2001/XMLSchema">
        <Width>32</Width>
        <Height>32</Height>
      </DimensionDepthL>
    </Floor>
    <Floor>
      <FloorID>3</FloorID>
      <TileName>Very large</TileName>
      <ImageFile>Sprites\Grid2.png</ImageFile>
      <TopLeft xmlns:xsi="http://www.w3.org/2001/XMLSchema-instance" xmlns:xsd="http://www.w3.org/2001/XMLSchema">
        <X>96</X>
        <Y>288</Y>
      </TopLeft>
      <Dimension xmlns:xsi="http://www.w3.org/2001/XMLSchema-instance" xmlns:xsd="http://www.w3.org/2001/XMLSchema">
        <Width>384</Width>
        <Height>192</Height>
      </Dimension>
      <TopLeftDepthL xmlns:xsi="http://www.w3.org/2001/XMLSchema-instance" xmlns:xsd="http://www.w3.org/2001/XMLSchema">
        <X>0</X>
        <Y>32</Y>
      </TopLeftDepthL>
      <DimensionDepthL xmlns:xsi="http://www.w3.org/2001/XMLSchema-instance" xmlns:xsd="http://www.w3.org/2001/XMLSchema">
        <Width>32</Width>
        <Height>32</Height>
      </DimensionDepthL>
    </Floor>
    <Floor>
      <FloorID>4</FloorID>
      <TileName>Test floor 2</TileName>
      <ImageFile>Sprites\Grid2.png</ImageFile>
      <TopLeft xmlns:xsi="http://www.w3.org/2001/XMLSchema-instance" xmlns:xsd="http://www.w3.org/2001/XMLSchema">
        <X>128</X>
        <Y>192</Y>
      </TopLeft>
      <Dimension xmlns:xsi="http://www.w3.org/2001/XMLSchema-instance" xmlns:xsd="http://www.w3.org/2001/XMLSchema">
        <Width>192</Width>
        <Height>96</Height>
      </Dimension>
      <TopLeftDepthL xmlns:xsi="http://www.w3.org/2001/XMLSchema-instance" xmlns:xsd="http://www.w3.org/2001/XMLSchema">
        <X>0</X>
        <Y>32</Y>
      </TopLeftDepthL>
      <DimensionDepthL xmlns:xsi="http://www.w3.org/2001/XMLSchema-instance" xmlns:xsd="http://www.w3.org/2001/XMLSchema">
        <Width>32</Width>
        <Height>32</Height>
      </DimensionDepthL>
    </Floor>
  </Group>
  <Group>
    <GroupName>Village</GroupName>
    <Object>
      <ObjectID>7</ObjectID>
      <TileName>Tree 5</TileName>
      <ImageFile>Sprites\TreesGrid.png</ImageFile>
      <TopLeft xmlns:xsi="http://www.w3.org/2001/XMLSchema-instance" xmlns:xsd="http://www.w3.org/2001/XMLSchema">
        <X>0</X>
        <Y>0</Y>
      </TopLeft>
      <Dimension xmlns:xsi="http://www.w3.org/2001/XMLSchema-instance" xmlns:xsd="http://www.w3.org/2001/XMLSchema">
        <Width>352</Width>
        <Height>480</Height>
      </Dimension>
      <Obstacle>
        <Position xmlns:xsi="http://www.w3.org/2001/XMLSchema-instance" xmlns:xsd="http://www.w3.org/2001/XMLSchema">
          <X>-3</X>
          <Y>-3</Y>
        </Position>
      </Obstacle>
      <Obstacle>
        <Position xmlns:xsi="http://www.w3.org/2001/XMLSchema-instance" xmlns:xsd="http://www.w3.org/2001/XMLSchema">
          <X>-3</X>
          <Y>-4</Y>
        </Position>
      </Obstacle>
      <Obstacle>
        <Position xmlns:xsi="http://www.w3.org/2001/XMLSchema-instance" xmlns:xsd="http://www.w3.org/2001/XMLSchema">
          <X>-2</X>
          <Y>-4</Y>
        </Position>
      </Obstacle>
      <Obstacle>
        <Position xmlns:xsi="http://www.w3.org/2001/XMLSchema-instance" xmlns:xsd="http://www.w3.org/2001/XMLSchema">
          <X>-2</X>
          <Y>-3</Y>
        </Position>
      </Obstacle>
      <Frames>
        <FrameNum>1</FrameNum>
        <TopLeft xmlns:xsi="http://www.w3.org/2001/XMLSchema-instance" xmlns:xsd="http://www.w3.org/2001/XMLSchema">
          <X>0</X>
          <Y>0</Y>
        </TopLeft>
        <Dimension xmlns:xsi="http://www.w3.org/2001/XMLSchema-instance" xmlns:xsd="http://www.w3.org/2001/XMLSchema">
          <Width>352</Width>
          <Height>480</Height>
        </Dimension>
      </Frames>
    </Object>
    <Object>
      <ObjectID>6</ObjectID>
      <TileName>Animated Deer</TileName>
      <ImageFile>Sprites\LargeGrid.png</ImageFile>
      <TopLeft xmlns:xsi="http://www.w3.org/2001/XMLSchema-instance" xmlns:xsd="http://www.w3.org/2001/XMLSchema">
        <X>0</X>
        <Y>0</Y>
      </TopLeft>
      <Dimension xmlns:xsi="http://www.w3.org/2001/XMLSchema-instance" xmlns:xsd="http://www.w3.org/2001/XMLSchema">
        <Width>160</Width>
        <Height>128</Height>
      </Dimension>
      <Frames>
        <FrameNum>1</FrameNum>
        <TopLeft xmlns:xsi="http://www.w3.org/2001/XMLSchema-instance" xmlns:xsd="http://www.w3.org/2001/XMLSchema">
          <X>0</X>
          <Y>0</Y>
        </TopLeft>
        <Dimension xmlns:xsi="http://www.w3.org/2001/XMLSchema-instance" xmlns:xsd="http://www.w3.org/2001/XMLSchema">
          <Width>160</Width>
          <Height>128</Height>
        </Dimension>
      </Frames>
      <Frames>
        <FrameNum>2</FrameNum>
        <TopLeft xmlns:xsi="http://www.w3.org/2001/XMLSchema-instance" xmlns:xsd="http://www.w3.org/2001/XMLSchema">
          <X>160</X>
          <Y>0</Y>
        </TopLeft>
        <Dimension xmlns:xsi="http://www.w3.org/2001/XMLSchema-instance" xmlns:xsd="http://www.w3.org/2001/XMLSchema">
          <Width>160</Width>
          <Height>128</Height>
        </Dimension>
      </Frames>
      <Frames>
        <FrameNum>3</FrameNum>
        <TopLeft xmlns:xsi="http://www.w3.org/2001/XMLSchema-instance" xmlns:xsd="http://www.w3.org/2001/XMLSchema">
          <X>320</X>
          <Y>0</Y>
        </TopLeft>
        <Dimension xmlns:xsi="http://www.w3.org/2001/XMLSchema-instance" xmlns:xsd="http://www.w3.org/2001/XMLSchema">
          <Width>160</Width>
          <Height>128</Height>
        </Dimension>
      </Frames>
      <Frames>
        <FrameNum>4</FrameNum>
        <TopLeft xmlns:xsi="http://www.w3.org/2001/XMLSchema-instance" xmlns:xsd="http://www.w3.org/2001/XMLSchema">
          <X>480</X>
          <Y>0</Y>
        </TopLeft>
        <Dimension xmlns:xsi="http://www.w3.org/2001/XMLSchema-instance" xmlns:xsd="http://www.w3.org/2001/XMLSchema">
          <Width>160</Width>
          <Height>128</Height>
        </Dimension>
      </Frames>
      <Frames>
        <FrameNum>5</FrameNum>
        <TopLeft xmlns:xsi="http://www.w3.org/2001/XMLSchema-instance" xmlns:xsd="http://www.w3.org/2001/XMLSchema">
          <X>640</X>
          <Y>0</Y>
        </TopLeft>
        <Dimension xmlns:xsi="http://www.w3.org/2001/XMLSchema-instance" xmlns:xsd="http://www.w3.org/2001/XMLSchema">
          <Width>160</Width>
          <Height>128</Height>
        </Dimension>
      </Frames>
      <Frames>
        <FrameNum>6</FrameNum>
        <TopLeft xmlns:xsi="http://www.w3.org/2001/XMLSchema-instance" xmlns:xsd="http://www.w3.org/2001/XMLSchema">
          <X>800</X>
          <Y>0</Y>
        </TopLeft>
        <Dimension xmlns:xsi="http://www.w3.org/2001/XMLSchema-instance" xmlns:xsd="http://www.w3.org/2001/XMLSchema">
          <Width>160</Width>
          <Height>128</Height>
        </Dimension>
      </Frames>
      <Frames>
        <FrameNum>7</FrameNum>
        <TopLeft xmlns:xsi="http://www.w3.org/2001/XMLSchema-instance" xmlns:xsd="http://www.w3.org/2001/XMLSchema">
          <X>0</X>
          <Y>128</Y>
        </TopLeft>
        <Dimension xmlns:xsi="http://www.w3.org/2001/XMLSchema-instance" xmlns:xsd="http://www.w3.org/2001/XMLSchema">
          <Width>160</Width>
          <Height>128</Height>
        </Dimension>
      </Frames>
      <Frames>
        <FrameNum>8</FrameNum>
        <TopLeft xmlns:xsi="http://www.w3.org/2001/XMLSchema-instance" xmlns:xsd="http://www.w3.org/2001/XMLSchema">
          <X>160</X>
          <Y>128</Y>
        </TopLeft>
        <Dimension xmlns:xsi="http://www.w3.org/2001/XMLSchema-instance" xmlns:xsd="http://www.w3.org/2001/XMLSchema">
          <Width>160</Width>
          <Height>128</Height>
        </Dimension>
      </Frames>
      <Frames>
        <FrameNum>9</FrameNum>
        <TopLeft xmlns:xsi="http://www.w3.org/2001/XMLSchema-instance" xmlns:xsd="http://www.w3.org/2001/XMLSchema">
          <X>320</X>
          <Y>128</Y>
        </TopLeft>
        <Dimension xmlns:xsi="http://www.w3.org/2001/XMLSchema-instance" xmlns:xsd="http://www.w3.org/2001/XMLSchema">
          <Width>160</Width>
          <Height>128</Height>
        </Dimension>
      </Frames>
      <Frames>
        <FrameNum>10</FrameNum>
        <TopLeft xmlns:xsi="http://www.w3.org/2001/XMLSchema-instance" xmlns:xsd="http://www.w3.org/2001/XMLSchema">
          <X>480</X>
          <Y>128</Y>
        </TopLeft>
        <Dimension xmlns:xsi="http://www.w3.org/2001/XMLSchema-instance" xmlns:xsd="http://www.w3.org/2001/XMLSchema">
          <Width>160</Width>
          <Height>128</Height>
        </Dimension>
      </Frames>
    </Object>
    <Object>
      <ObjectID>1</ObjectID>
      <TileName>Chess Pawn</TileName>
      <ImageFile>Sprites\Grid2.png</ImageFile>
      <TopLeft xmlns:xsi="http://www.w3.org/2001/XMLSchema-instance" xmlns:xsd="http://www.w3.org/2001/XMLSchema">
        <X>192</X>
        <Y>0</Y>
      </TopLeft>
      <Dimension xmlns:xsi="http://www.w3.org/2001/XMLSchema-instance" xmlns:xsd="http://www.w3.org/2001/XMLSchema">
        <Width>64</Width>
        <Height>64</Height>
      </Dimension>
      <Obstacle>
        <Position xmlns:xsi="http://www.w3.org/2001/XMLSchema-instance" xmlns:xsd="http://www.w3.org/2001/XMLSchema">
          <X>0</X>
          <Y>0</Y>
        </Position>
      </Obstacle>
      <Frames>
        <FrameNum>1</FrameNum>
        <TopLeft xmlns:xsi="http://www.w3.org/2001/XMLSchema-instance" xmlns:xsd="http://www.w3.org/2001/XMLSchema">
          <X>192</X>
          <Y>0</Y>
        </TopLeft>
        <Dimension xmlns:xsi="http://www.w3.org/2001/XMLSchema-instance" xmlns:xsd="http://www.w3.org/2001/XMLSchema">
          <Width>64</Width>
          <Height>64</Height>
        </Dimension>
      </Frames>
    </Object>
    <Object>
      <ObjectID>0</ObjectID>
      <TileName>Bouncing red ball</TileName>
      <ImageFile>Sprites\Grid.png</ImageFile>
      <TopLeft xmlns:xsi="http://www.w3.org/2001/XMLSchema-instance" xmlns:xsd="http://www.w3.org/2001/XMLSchema">
        <X>64</X>
        <Y>64</Y>
      </TopLeft>
      <Dimension xmlns:xsi="http://www.w3.org/2001/XMLSchema-instance" xmlns:xsd="http://www.w3.org/2001/XMLSchema">
        <Width>64</Width>
        <Height>64</Height>
      </Dimension>
      <Obstacle>
        <Position xmlns:xsi="http://www.w3.org/2001/XMLSchema-instance" xmlns:xsd="http://www.w3.org/2001/XMLSchema">
          <X>0</X>
          <Y>0</Y>
        </Position>
      </Obstacle>
      <Frames>
        <FrameNum>1</FrameNum>
        <TopLeft xmlns:xsi="http://www.w3.org/2001/XMLSchema-instance" xmlns:xsd="http://www.w3.org/2001/XMLSchema">
          <X>64</X>
          <Y>64</Y>
        </TopLeft>
        <Dimension xmlns:xsi="http://www.w3.org/2001/XMLSchema-instance" xmlns:xsd="http://www.w3.org/2001/XMLSchema">
          <Width>64</Width>
          <Height>64</Height>
        </Dimension>
      </Frames>
      <Frames>
        <FrameNum>2</FrameNum>
        <TopLeft xmlns:xsi="http://www.w3.org/2001/XMLSchema-instance" xmlns:xsd="http://www.w3.org/2001/XMLSchema">
          <X>128</X>
          <Y>64</Y>
        </TopLeft>
        <Dimension xmlns:xsi="http://www.w3.org/2001/XMLSchema-instance" xmlns:xsd="http://www.w3.org/2001/XMLSchema">
          <Width>64</Width>
          <Height>64</Height>
        </Dimension>
      </Frames>
      <Frames>
        <FrameNum>3</FrameNum>
        <TopLeft xmlns:xsi="http://www.w3.org/2001/XMLSchema-instance" xmlns:xsd="http://www.w3.org/2001/XMLSchema">
          <X>192</X>
          <Y>64</Y>
        </TopLeft>
        <Dimension xmlns:xsi="http://www.w3.org/2001/XMLSchema-instance" xmlns:xsd="http://www.w3.org/2001/XMLSchema">
          <Width>64</Width>
          <Height>64</Height>
        </Dimension>
      </Frames>
      <Frames>
        <FrameNum>4</FrameNum>
        <TopLeft xmlns:xsi="http://www.w3.org/2001/XMLSchema-instance" xmlns:xsd="http://www.w3.org/2001/XMLSchema">
          <X>128</X>
          <Y>64</Y>
        </TopLeft>
        <Dimension xmlns:xsi="http://www.w3.org/2001/XMLSchema-instance" xmlns:xsd="http://www.w3.org/2001/XMLSchema">
          <Width>64</Width>
          <Height>64</Height>
        </Dimension>
      </Frames>
      <Frames>
        <FrameNum>5</FrameNum>
        <TopLeft xmlns:xsi="http://www.w3.org/2001/XMLSchema-instance" xmlns:xsd="http://www.w3.org/2001/XMLSchema">
          <X>64</X>
          <Y>64</Y>
        </TopLeft>
        <Dimension xmlns:xsi="http://www.w3.org/2001/XMLSchema-instance" xmlns:xsd="http://www.w3.org/2001/XMLSchema">
          <Width>64</Width>
          <Height>64</Height>
        </Dimension>
      </Frames>
      <Frames>
        <FrameNum>6</FrameNum>
        <TopLeft xmlns:xsi="http://www.w3.org/2001/XMLSchema-instance" xmlns:xsd="http://www.w3.org/2001/XMLSchema">
          <X>384</X>
          <Y>64</Y>
        </TopLeft>
        <Dimension xmlns:xsi="http://www.w3.org/2001/XMLSchema-instance" xmlns:xsd="http://www.w3.org/2001/XMLSchema">
          <Width>64</Width>
          <Height>64</Height>
        </Dimension>
      </Frames>
      <Frames>
        <FrameNum>7</FrameNum>
        <TopLeft xmlns:xsi="http://www.w3.org/2001/XMLSchema-instance" xmlns:xsd="http://www.w3.org/2001/XMLSchema">
          <X>448</X>
          <Y>64</Y>
        </TopLeft>
        <Dimension xmlns:xsi="http://www.w3.org/2001/XMLSchema-instance" xmlns:xsd="http://www.w3.org/2001/XMLSchema">
          <Width>64</Width>
          <Height>64</Height>
        </Dimension>
      </Frames>
      <Frames>
        <FrameNum>8</FrameNum>
        <TopLeft xmlns:xsi="http://www.w3.org/2001/XMLSchema-instance" xmlns:xsd="http://www.w3.org/2001/XMLSchema">
          <X>384</X>
          <Y>64</Y>
        </TopLeft>
        <Dimension xmlns:xsi="http://www.w3.org/2001/XMLSchema-instance" xmlns:xsd="http://www.w3.org/2001/XMLSchema">
          <Width>64</Width>
          <Height>64</Height>
        </Dimension>
      </Frames>
    </Object>
    <Object>
      <ObjectID>3</ObjectID>
      <TileName>Tree 2</TileName>
      <ImageFile>Sprites\TreesGrid.png</ImageFile>
      <TopLeft xmlns:xsi="http://www.w3.org/2001/XMLSchema-instance" xmlns:xsd="http://www.w3.org/2001/XMLSchema">
        <X>352</X>
        <Y>0</Y>
      </TopLeft>
      <Dimension xmlns:xsi="http://www.w3.org/2001/XMLSchema-instance" xmlns:xsd="http://www.w3.org/2001/XMLSchema">
        <Width>288</Width>
        <Height>480</Height>
      </Dimension>
      <Obstacle>
        <Position xmlns:xsi="http://www.w3.org/2001/XMLSchema-instance" xmlns:xsd="http://www.w3.org/2001/XMLSchema">
          <X>-2</X>
          <Y>-2</Y>
        </Position>
      </Obstacle>
      <Frames>
        <FrameNum>1</FrameNum>
        <TopLeft xmlns:xsi="http://www.w3.org/2001/XMLSchema-instance" xmlns:xsd="http://www.w3.org/2001/XMLSchema">
          <X>352</X>
          <Y>0</Y>
        </TopLeft>
        <Dimension xmlns:xsi="http://www.w3.org/2001/XMLSchema-instance" xmlns:xsd="http://www.w3.org/2001/XMLSchema">
          <Width>288</Width>
          <Height>480</Height>
        </Dimension>
      </Frames>
    </Object>
    <Object>
      <ObjectID>4</ObjectID>
      <TileName>Tree 3</TileName>
      <ImageFile>Sprites\TreesGrid.png</ImageFile>
      <TopLeft xmlns:xsi="http://www.w3.org/2001/XMLSchema-instance" xmlns:xsd="http://www.w3.org/2001/XMLSchema">
        <X>640</X>
        <Y>0</Y>
      </TopLeft>
      <Dimension xmlns:xsi="http://www.w3.org/2001/XMLSchema-instance" xmlns:xsd="http://www.w3.org/2001/XMLSchema">
        <Width>384</Width>
        <Height>480</Height>
      </Dimension>
      <Obstacle>
        <Position xmlns:xsi="http://www.w3.org/2001/XMLSchema-instance" xmlns:xsd="http://www.w3.org/2001/XMLSchema">
          <X>-1</X>
          <Y>-2</Y>
        </Position>
      </Obstacle>
      <Obstacle>
        <Position xmlns:xsi="http://www.w3.org/2001/XMLSchema-instance" xmlns:xsd="http://www.w3.org/2001/XMLSchema">
          <X>-1</X>
          <Y>-3</Y>
        </Position>
      </Obstacle>
      <Obstacle>
        <Position xmlns:xsi="http://www.w3.org/2001/XMLSchema-instance" xmlns:xsd="http://www.w3.org/2001/XMLSchema">
          <X>-2</X>
          <Y>-2</Y>
        </Position>
      </Obstacle>
      <Obstacle>
        <Position xmlns:xsi="http://www.w3.org/2001/XMLSchema-instance" xmlns:xsd="http://www.w3.org/2001/XMLSchema">
          <X>-2</X>
          <Y>-3</Y>
        </Position>
      </Obstacle>
      <Frames>
        <FrameNum>1</FrameNum>
        <TopLeft xmlns:xsi="http://www.w3.org/2001/XMLSchema-instance" xmlns:xsd="http://www.w3.org/2001/XMLSchema">
          <X>640</X>
          <Y>0</Y>
        </TopLeft>
        <Dimension xmlns:xsi="http://www.w3.org/2001/XMLSchema-instance" xmlns:xsd="http://www.w3.org/2001/XMLSchema">
          <Width>384</Width>
          <Height>480</Height>
        </Dimension>
      </Frames>
    </Object>
    <Object>
      <ObjectID>5</ObjectID>
      <TileName>Tree 4</TileName>
      <ImageFile>Sprites\TreesGrid.png</ImageFile>
      <TopLeft xmlns:xsi="http://www.w3.org/2001/XMLSchema-instance" xmlns:xsd="http://www.w3.org/2001/XMLSchema">
        <X>0</X>
        <Y>480</Y>
      </TopLeft>
      <Dimension xmlns:xsi="http://www.w3.org/2001/XMLSchema-instance" xmlns:xsd="http://www.w3.org/2001/XMLSchema">
        <Width>384</Width>
        <Height>512</Height>
      </Dimension>
      <Obstacle>
        <Position xmlns:xsi="http://www.w3.org/2001/XMLSchema-instance" xmlns:xsd="http://www.w3.org/2001/XMLSchema">
          <X>-3</X>
          <Y>-3</Y>
        </Position>
      </Obstacle>
      <Obstacle>
        <Position xmlns:xsi="http://www.w3.org/2001/XMLSchema-instance" xmlns:xsd="http://www.w3.org/2001/XMLSchema">
          <X>-2</X>
          <Y>-3</Y>
        </Position>
      </Obstacle>
      <Obstacle>
        <Position xmlns:xsi="http://www.w3.org/2001/XMLSchema-instance" xmlns:xsd="http://www.w3.org/2001/XMLSchema">
          <X>-2</X>
          <Y>-4</Y>
        </Position>
      </Obstacle>
      <Obstacle>
        <Position xmlns:xsi="http://www.w3.org/2001/XMLSchema-instance" xmlns:xsd="http://www.w3.org/2001/XMLSchema">
          <X>-3</X>
          <Y>-4</Y>
        </Position>
      </Obstacle>
      <Frames>
        <FrameNum>1</FrameNum>
        <TopLeft xmlns:xsi="http://www.w3.org/2001/XMLSchema-instance" xmlns:xsd="http://www.w3.org/2001/XMLSchema">
          <X>0</X>
          <Y>480</Y>
        </TopLeft>
        <Dimension xmlns:xsi="http://www.w3.org/2001/XMLSchema-instance" xmlns:xsd="http://www.w3.org/2001/XMLSchema">
          <Width>384</Width>
          <Height>512</Height>
        </Dimension>
      </Frames>
    </Object>
  </Group>
  <Group>
    <GroupName>Castle1</GroupName>
  </Group>
  <Group>
    <GroupName>Cave 1</GroupName>
  </Group>
  <Group>
    <GroupName>Castle 2</GroupName>
  </Group>
  <Group>
    <GroupName>Jungle 1</GroupName>
  </Group>
  <Group>
    <GroupName>Desert 1</GroupName>
  </Group>
  <Frames>
    <FrameNum>1</FrameNum>
    <TopLeft xmlns:xsi="http://www.w3.org/2001/XMLSchema-instance" xmlns:xsd="http://www.w3.org/2001/XMLSchema">
      <X>128</X>
      <Y>128</Y>
    </TopLeft>
    <Dimension xmlns:xsi="http://www.w3.org/2001/XMLSchema-instance" xmlns:xsd="http://www.w3.org/2001/XMLSchema">
      <Width>128</Width>
      <Height>64</Height>
    </Dimension>
  </Frames>
  <Frames>
    <FrameNum>1</FrameNum>
    <TopLeft xmlns:xsi="http://www.w3.org/2001/XMLSchema-instance" xmlns:xsd="http://www.w3.org/2001/XMLSchema">
      <X>128</X>
      <Y>192</Y>
    </TopLeft>
    <Dimension xmlns:xsi="http://www.w3.org/2001/XMLSchema-instance" xmlns:xsd="http://www.w3.org/2001/XMLSchema">
      <Width>192</Width>
      <Height>96</Height>
    </Dimension>
  </Frames>
</Tiles>